<?xml version="1.0" encoding="UTF-8"?>
<kpathdefaults name="tapioca">

<kpath bravais="cubic simple none">
  <segment name="Delta">
    <point name="G">0.0 0.0 0.0</point>
    <point name="X">0.5 0.0 0.0</point>
  </segment>
  <segment name="Z">
    <point name="X">0.5 0.0 0.0</point>
    <point name="M">0.5 0.5 0.0</point>
  </segment>
  <segment name="Sigma">
    <point name="M">0.5 0.5 0.0</point>
    <point name="G">0.0 0.0 0.0</point>
  </segment>
  <segment name="Lambda">
    <point name="G">0.0 0.0 0.0</point>
    <point name="R">0.5 0.5 0.5</point>
  </segment>
  <segment name="T">
    <point name="R">0.5 0.5 0.5</point>
    <point name="M">0.5 0.5 0.0</point>
  </segment>
  <segment name="Z">
    <point name="M">0.5 0.5 0.0</point>
    <point name="X">0.5 0.0 0.0</point>
  </segment>
  <segment name="S">
    <point name="X">0.5 0.0 0.0</point>
    <point name="R">0.5 0.5 0.5</point>
  </segment>
</kpath>

<kpath bravais="cubic face none">
  <segment name="Delta">
    <point name="G">0.0 0.0 0.0</point>
    <point name="X">1.0 0.0 0.0</point>
  </segment>
  <segment name="Z">
    <point name="X">1.0 0.0 0.0</point>
    <point name="W">1.0 0.5 0.0</point>
  </segment>
  <segment name="Q">
    <point name="W">1.0 0.5 0.0</point>
    <point name="L">0.5 0.5 0.5</point>
  </segment>
  <segment name="Lambda">
    <point name="L">0.5 0.5 0.5</point>
    <point name="G">0.0 0.0 0.0</point>
  </segment>
  <segment name="Sigma">
    <point name="G">0.0 0.0 0.0</point>
    <point name="U/K">0.75 0.75 0.0 </point>
  </segment>
  <segment name="S">
    <point name="U/K">1.0 0.5 0.5</point>
    <point name="X">1.0 0.0 0.0</point>
  </segment>
</kpath>

<kpath bravais="cubic body none">
  <segment name="Delta">
    <point name="G">0.0 0.0 0.0</point>
    <point name="H">1.0 0.0 0.0</point>
  </segment>
  <segment name="G">
    <point name="H">1.0 0.0 0.0</point>
    <point name="N">0.5 0.5 0.0</point>
  </segment>
  <segment name="Sigma">
    <point name="N">0.5 0.5 0.0</point>
    <point name="G">0.0 0.0 0.0</point>
  </segment>
  <segment name="Lambda">
    <point name="G">0.0 0.0 0.0</point>
    <point name="P">0.5 0.5 0.5</point>
  </segment>
  <segment name="D">
    <point name="P">0.5 0.5 0.5</point>
    <point name="N">0.5 0.5 0.0</point>
  </segment>
  <!-- disconnected -->
  <segment name="F">
    <point name="H">1.0 0.0 0.0</point>
    <point name="P">0.5 0.5 0.5</point>
  </segment>
</kpath>

<kpath bravais="hexagonal simple none">
  <segment name="Sigma">
    <point name="G">0.0 0.0 0.0</point>
    <point name="M">0.5 0.0 0.0</point>
  </segment>
  <segment name="T'">
    <point name="M">0.5 0.0 0.0</point>
    <point name="K">0.333333 0.333333 0.0</point>
  </segment>
  <segment name="T">
    <point name="K">0.333333 0.333333 0.0</point>
    <point name="G">0.0 0.0 0.0</point>
  </segment>
  <segment name="Lambda">
    <point name="G">0.0 0.0 0.0</point>
    <point name="A">0.0 0.0 0.5</point>
  </segment>
  <segment name="R">
    <point name="A">0.0 0.0 0.5</point>
    <point name="L">0.5 0.0 0.5</point>
  </segment>
  <segment name="S'">
    <point name="L">0.5 0.0 0.5</point>
    <point name="H">0.333333 0.333333 0.5</point>
  </segment>
  <segment name="S">
    <point name="H">0.333333 0.333333 0.5</point>
    <point name="A">0.0 0.0 0.5</point>
  </segment>
  <!-- disconnected -->
  <segment name="U">
    <point name="L">0.5 0.0 0.5</point>
    <point name="M">0.5 0.0 0.0</point>
  </segment>
  <!-- disconnected -->
  <segment name="P">
    <point name="K">0.333333 0.333333 0.0</point>
    <point name="H">0.333333 0.333333 0.5</point>
  </segment>
</kpath>

<kpath bravais="trigonal simple type1">
  <segment name="Q">
    <point name="F">0.0 0.5 1.0</point>
    <point name="n1">2.0 -0.5 1.0</point>
  </segment>
  <segment name="Sigma">
    <point name="n1">1.0 1.0 0.0</point>
    <point name="G">0.0 0.0 0.0</point>
  </segment>
  <segment name="Lambda">
    <point name="G">0.0 0.0 0.0</point>
    <point name="Z">0.0 0.0 1.5</point>
  </segment>
  <segment name="B">
    <point name="Z">0.0 0.0 1.5</point>
    <point name="n2">-1.0 2.0 1.5</point>
  </segment>
  <segment name="Y">
    <point name="n2">-0.5 2.0 0.5</point>
    <point name="L"> 0.5 0.0 0.5</point>
  </segment>
</kpath>

<kpath bravais="trigonal simple type2">
  <segment name="Sigma">
    <point name="F">0.5 0.5 0.0</point>
    <point name="G">0.0 0.0 0.0</point>
  </segment>
  <segment name="Lambda">
    <point name="G">0.0 0.0 0.0</point>
    <point name="n1">0.0 0.0 1.0</point>
  </segment>
  <segment name="P">
    <point name="n1">1.0 0.0 1.0</point>
    <point name="Z">1.0 0.0 -0.5</point>
  </segment>
  <segment name="Y">
    <point name="Z">0.0 1.0 0.5</point>
    <point name="L">0.5 0.0 0.5</point>
  </segment>
</kpath>

<kpath bravais="tetragonal simple none">
  <segment name="Delta">
    <point name="G">0.0 0.0 0.0</point>
    <point name="X">0.5 0.0 0.0</point>
  </segment>
  <segment name="Y">
    <point name="X">0.5 0.0 0.0</point>
    <point name="M">0.5 0.5 0.0</point>
  </segment>
  <segment name="Sigma">
    <point name="M">0.5 0.5 0.0</point>
    <point name="G">0.0 0.0 0.0</point>
  </segment>
  <segment name="Lambda">
    <point name="G">0.0 0.0 0.0</point>
    <point name="Z">0.0 0.0 0.5</point>
  </segment>
  <segment name="U">
    <point name="Z">0.0 0.0 0.5</point>
    <point name="R">0.5 0.0 0.5</point>
  </segment>
  <segment name="T">
    <point name="R">0.5 0.0 0.5</point>
    <point name="A">0.5 0.5 0.5</point>
  </segment>
  <segment name="S">
    <point name="A">0.5 0.5 0.5</point>
    <point name="Z">0.0 0.0 0.5</point>
  </segment>
  <!-- disconnected -->
  <segment name="W">
    <point name="R">0.5 0.0 0.5</point>
    <point name="X">0.5 0.0 0.0</point>
  </segment>
  <!-- disconnected -->
  <segment name="V">
    <point name="M">0.5 0.5 0.0</point>
    <point name="A">0.5 0.5 0.5</point>
  </segment>
</kpath>

<kpath bravais="tetragonal body type1">
  <segment name="Lambda">
    <point name="Z">0.0 0.0 1.0</point>
    <point name="G">0.0 0.0 0.0</point>
  </segment>
  <segment name="Sigma">
    <point name="G">0.0 0.0 0.0</point>
    <point name="n1">1.0 0.0 0.0</point>
  </segment>
  <segment name="F">
    <point name="n1">1.0 0.0 1.0</point>
    <point name="Z">0.0 0.0 1.0</point>
  </segment>
  <segment name="U">
    <point name="Z">0.0 0.0 1.0</point>
    <point name="n2">1.0 1.0 1.0</point>
  </segment>
  <segment name="Y">
    <point name="n2">1.0 0.0 0.0</point>
    <point name="X">0.5 0.5 0.0</point>
  </segment>
  <segment name="Delta">
    <point name="X">0.5 0.5 0.0</point>
    <point name="G">0.0 0.0 0.0</point>
  </segment>
  <!-- disconnected -->
  <segment name="W">
    <point name="X">0.5 0.5 0.0</point>
    <point name="P">0.5 0.5 0.5</point>
  </segment>
  <segment name="Q">
    <point name="P">0.5 0.5 0.5</point>
    <point name="N">0.5 0.0 0.5</point>
  </segment>
</kpath>

<kpath bravais="tetragonal body type2">
  <segment name="V">
    <point name="Z">1.0 0.0 0.0</point>
    <point name="n1">1.0 0.0 1.0</point>
  </segment>
  <segment name="Lambda">
    <point name="n1">0.0 0.0 1.0</point>
    <point name="G">0.0 0.0 0.0</point>
  </segment>
  <segment name="Sigma">
    <point name="G">0.0 0.0 0.0</point>
    <point name="Z">1.0 0.0 0.0</point>
  </segment>
  <segment name="Y">
    <point name="Z">1.0 0.0 0.0</point>
    <point name="X">0.5 0.5 0.0</point>
  </segment>
  <segment name="Delta">
    <point name="X">0.5 0.5 0.0</point>
    <point name="G">0.0 0.0 0.0</point>
  </segment>
  <!-- disconnected -->
  <segment name="W">
    <point name="X">0.5 0.5 0.0</point>	
    <point name="P">0.5 0.5 0.5</point>
  </segment>
  <segment name="Q">
    <point name="P">0.5 0.5 0.5</point>
    <point name="N">0.5 0.0 0.5</point>
  </segment>
</kpath>

<kpath bravais="orthorhombic simple none">
  <segment name="Sigma">
    <point name="G">0.0 0.0 0.0</point>
    <point name="X">0.5 0.0 0.0</point>
  </segment>
  <segment name="D">
    <point name="X">0.5 0.0 0.0</point>
    <point name="S">0.5 0.5 0.0</point>
  </segment>
  <segment name="C">
    <point name="S">0.5 0.5 0.0</point>
    <point name="Y">0.0 0.5 0.0</point>
  </segment>
  <segment name="Delta">
    <point name="Y">0.0 0.5 0.0</point>
    <point name="G">0.0 0.0 0.0</point>
  </segment>
  <segment name="Lambda">
    <point name="G">0.0 0.0 0.0</point>
    <point name="Z">0.0 0.0 0.5</point>
  </segment>
  <segment name="A">
    <point name="Z">0.0 0.0 0.5</point>
    <point name="U">0.5 0.0 0.5</point>
  </segment>
  <segment name="P">
    <point name="U">0.5 0.0 0.5</point>
    <point name="R">0.5 0.5 0.5</point>
  </segment>
  <segment name="E">
    <point name="R">0.5 0.5 0.5</point>
    <point name="T">0.0 0.5 0.5</point>
  </segment>
  <segment name="B">
    <point name="T">0.0 0.5 0.5</point>
    <point name="Z">0.0 0.0 0.5</point>
  </segment>
  <!-- disconnected -->
  <segment name="G">
    <point name="U">0.5 0.0 0.5</point>
    <point name="X">0.5 0.0 0.0</point>
  </segment>
  <!-- disconnected -->
  <segment name="Q">
    <point name="S">0.5 0.5 0.0</point>
    <point name="R">0.5 0.5 0.5</point>
  </segment>
  <!-- disconnected -->
  <segment name="H">
    <point name="T">0.0 0.5 0.5</point>
    <point name="Y">0.0 0.5 0.0</point>
  </segment>
</kpath>

<kpath bravais="orthorhombic face type1">
  <segment name="Lambda">
    <point name="Z">0.0 0.0 1.0</point>
    <point name="G">0.0 0.0 0.0</point>
  </segment>
  <segment name="Sigma">
    <point name="G">0.0 0.0 0.0</point>
    <point name="X">1.0 0.0 0.0</point>
  </segment>
  <segment name="D">
    <point name="X">1.0 0.0 0.0</point>
    <point name="n1">1.0 1.0 0.0</point>
  </segment>
  <segment name="B">
    <point name="n1">0.0 1.0 1.0</point>
    <point name="Z">0.0 0.0 1.0</point>
  </segment>
  <segment name="A">
    <point name="Z">0.0 0.0 1.0</point>
    <point name="n2">1.0 0.0 1.0</point>
  </segment>
  <segment name="C">
    <point name="n2">1.0 1.0 0.0</point>
    <point name="Y">0.0 1.0 0.0</point>
  </segment>
  <segment name="Delta">
    <point name="Y">0.0 1.0 0.0</point>
    <point name="G">0.0 0.0 0.0</point>
  </segment>
  <!-- disconnected -->
  <segment name="H">
    <point name="Y">0.0 1.0 0.0</point>
    <point name="n3">0.0 1.0 1.0</point>
  </segment>
  <segment name="G">
    <point name="n3">1.0 0.0 1.0</point>
    <point name="X">1.0 0.0 0.0</point>
  </segment>
</kpath>

<kpath bravais="orthorhombic face type2">
  <segment name="Lambda">
    <point name="Z">0.0 0.0 1.0</point>
    <point name="G">0.0 0.0 0.0</point>
  </segment>
  <segment name="Sigma">
    <point name="G">0.0 0.0 0.0</point>
    <point name="n1">1.0 0.0 0.0</point>
  </segment>
  <segment name="U">
    <point name="n1">1.0 1.0 1.0</point>
    <point name="X">0.0 1.0 1.0</point>
  </segment>
  <segment name="B">
    <point name="X">0.0 1.0 1.0</point>
    <point name="Z">0.0 0.0 1.0</point>
  </segment>
  <segment name="A">
    <point name="Z">0.0 0.0 1.0</point>
    <point name="n2">1.0 0.0 1.0</point>
  </segment>
  <segment name="C">
    <point name="n2">1.0 1.0 0.0</point>
    <point name="Y">0.0 1.0 0.0</point>
  </segment>
  <segment name="Delta">
    <point name="Y">0.0 1.0 0.0</point>
    <point name="G">0.0 0.0 0.0</point>
  </segment>
  <!-- disconnected -->
  <segment name="H">
    <point name="Y">0.0 1.0 0.0</point>
    <point name="X">0.0 1.0 1.0</point>
  </segment>
</kpath>

<kpath bravais="orthorhombic face type3">
  <segment name="Lambda">
    <point name="Z">0.0 0.0 1.0</point>
    <point name="G">0.0 0.0 0.0</point>
  </segment>
  <segment name="Sigma">
    <point name="G">0.0 0.0 0.0</point>
    <point name="X">1.0 0.0 0.0</point>
  </segment>
  <segment name="D">
    <point name="X">1.0 0.0 0.0</point>
    <point name="n2">1.0 1.0 0.0</point>
  </segment>
  <segment name="B">
    <point name="n2">0.0 1.0 1.0</point>
    <point name="Z">0.0 0.0 1.0</point>
  </segment>
  <segment name="A">
    <point name="Z">0.0 0.0 1.0</point>
    <point name="Y">1.0 0.0 1.0</point>
  </segment>
  <segment name="R">
    <point name="Y">1.0 0.0 1.0</point>
    <point name="n1">1.0 1.0 1.0</point>
  </segment>
  <segment name="Delta">
    <point name="n1">0.0 1.0 0.0</point>
    <point name="G">0.0 0.0 0.0</point>
  </segment>
  <!-- disconnected -->
  <segment name="G">
    <point name="Y">1.0 0.0 1.0</point>
    <point name="X">1.0 0.0 0.0</point>
  </segment>
</kpath>

<kpath bravais="orthorhombic face type4">
  <segment name="Q">
    <point name="Z">1.0 1.0 0.0</point>
    <point name="n1">1.0 1.0 1.0</point>
  </segment>
  <segment name="Lambda">
    <point name="n1">0.0 0.0 1.0</point>
    <point name="G">0.0 0.0 0.0</point>
  </segment>
  <segment name="Sigma">
    <point name="G">0.0 0.0 0.0</point>
    <point name="X">1.0 0.0 0.0</point>
  </segment>
  <segment name="D">
    <point name="X">1.0 0.0 0.0</point>
    <point name="Z">1.0 1.0 0.0</point>
  </segment>
  <segment name="C">
    <point name="Z">1.0 1.0 0.0</point>
    <point name="Y">0.0 1.0 0.0</point>
  </segment>
  <segment name="Delta">
    <point name="Y">0.0 1.0 0.0</point>
    <point name="G">0.0 0.0 0.0</point>
  </segment>
  <!-- disconnected -->
  <segment name="H">
    <point name="Y">0.0 1.0 0.0</point>
    <point name="n2">0.0 1.0 1.0</point>
  </segment>
  <segment name="G">
    <point name="n2">1.0 0.0 1.0</point>
    <point name="X">1.0 0.0 0.0</point>
  </segment>
</kpath>

<kpath bravais="orthorhombic body type1">
  <segment name="Sigma">
    <point name="G">0.0 0.0 0.0</point>
    <point name="X">1.0 0.0 0.0</point>
  </segment>
  <segment name="U">
    <point name="X">1.0 0.0 0.0</point>
    <point name="n1">1.0 1.0 0.0</point>
  </segment>
  <segment name="Delta">
    <point name="n1">0.0 1.0 0.0</point>
    <point name="G">0.0 0.0 0.0</point>
  </segment>
  <segment name="Lambda">
    <point name="G">0.0 0.0 0.0</point>
    <point name="n2">0.0 0.0 1.0</point>
  </segment>
  <segment name="G">
    <point name="n2">1.0 0.0 1.0</point>
    <point name="X">1.0 0.0 0.0</point>
  </segment>
  <!-- disconnected -->
  <segment name="Q">
    <point name="R">0.5 0.0 0.5</point>
    <point name="W">0.5 0.5 0.5</point>
  </segment>
  <segment name="D">
    <point name="W">0.5 0.5 0.5</point>
    <point name="S">0.0 0.5 0.5</point>
  </segment>
  <!-- disconnected -->
  <segment name="P">
    <point name="T">0.5 0.5 0.0</point>
    <point name="W">0.5 0.5 0.5</point>
  </segment>
</kpath>

<kpath bravais="orthorhombic body type2">
  <segment name="Sigma">
    <point name="G">0.0 0.0 0.0</point>
    <point name="n2">1.0 0.0 0.0</point>
  </segment>
  <segment name="F">
    <point name="n2">1.0 1.0 0.0</point>
    <point name="X">0.0 1.0 0.0</point>
  </segment>
  <segment name="Delta">
    <point name="X">0.0 1.0 0.0</point>
    <point name="G">0.0 0.0 0.0</point>
  </segment>
  <segment name="Lambda">
    <point name="G">0.0 0.0 0.0</point>
    <point name="n1">0.0 0.0 1.0</point>
  </segment>
  <segment name="G">
    <point name="n1">0.0 1.0 1.0</point>
    <point name="X">0.0 1.0 0.0</point>
  </segment>
  <!-- disconnected -->
  <segment name="Q">
    <point name="R">0.5 0.0 0.5</point>
    <point name="W">0.5 0.5 0.5</point>
  </segment>
  <segment name="D">
    <point name="W">0.5 0.5 0.5</point>
    <point name="S">0.0 0.5 0.5</point>
  </segment>
  <!-- disconnected -->
  <segment name="P">
    <point name="T">0.5 0.5 0.0</point>
    <point name="W">0.5 0.5 0.5</point>
  </segment>
</kpath>

<kpath bravais="orthorhombic body type3">
  <segment name="Sigma">
    <point name="G">0.0 0.0 0.0</point>
    <point name="n1">1.0 0.0 0.0</point>
  </segment>
  <segment name="F">
    <point name="n1">1.0 0.0 1.0</point>
    <point name="X">0.0 0.0 1.0</point>
  </segment>
  <segment name="U">
    <point name="X">0.0 0.0 1.0</point>
    <point name="n2">0.0 1.0 1.0</point>
  </segment>
  <segment name="Delta">
    <point name="n2">0.0 1.0 0.0</point>
    <point name="G">0.0 0.0 0.0</point>
  </segment>
  <segment name="Lambda">
    <point name="G">0.0 0.0 0.0</point>
    <point name="X">0.0 0.0 1.0</point>
  </segment>
  <!-- disconnected -->
  <segment name="Q">
    <point name="R">0.5 0.0 0.5</point>
    <point name="W">0.5 0.5 0.5</point>
  </segment>
  <segment name="D">
    <point name="W">0.5 0.5 0.5</point>
    <point name="S">0.0 0.5 0.5</point>
  </segment>
  <!-- disconnected -->
  <segment name="P">
    <point name="T">0.5 0.5 0.0</point>
    <point name="W">0.5 0.5 0.5</point>
  </segment>
</kpath>

<kpath bravais="orthorhombic base type1">
  <segment name="Sigma">
    <point name="G">0.0 0.0 0.0</point>
    <point name="n1">1.0 0.0 0.0</point>
  </segment>
  <segment name="C">
    <point name="n1">1.0 1.0 0.0</point>
    <point name="Y">0.0 1.0 0.0</point>
  </segment>
  <segment name="Delta">
    <point name="Y">0.0 1.0 0.0</point>
    <point name="G">0.0 0.0 0.0</point>
  </segment>
  <segment name="Lambda">
    <point name="G">0.0 0.0 0.0</point>
    <point name="Z">0.0 0.0 0.5</point>
  </segment>
  <segment name="A">
    <point name="Z">0.0 0.0 0.5</point>
    <point name="n2">1.0 0.0 0.5</point>
  </segment>
  <segment name="E">
    <point name="n2">1.0 1.0 0.5</point>
    <point name="T">0.0 1.0 0.5</point>
  </segment>
  <segment name="B">
    <point name="T">0.0 1.0 0.5</point>
    <point name="Z">0.0 0.0 0.5</point>
  </segment>
  <!-- disconnected -->
  <segment name="H">
    <point name="Y">0.0 1.0 0.0</point>
    <point name="T">0.0 1.0 0.5</point>
  </segment>
  <!-- disconnected -->
  <segment name="D">
    <point name="S">0.5 0.5 0.0</point>
    <point name="R">0.5 0.5 0.5</point>
  </segment>
</kpath>

<kpath bravais="orthorhombic base type2">
  <segment name="Sigma">
    <point name="G">0.0 0.0 0.0</point>
    <point name="Y">1.0 0.0 0.0</point>
  </segment>
  <segment name="F">
    <point name="Y">1.0 0.0 0.0</point>
    <point name="n1">1.0 1.0 0.0</point>
  </segment>
  <segment name="Delta">
    <point name="n1">0.0 1.0 0.0</point>
    <point name="G">0.0 0.0 0.0</point>
  </segment>
  <segment name="Lambda">
    <point name="G">0.0 0.0 0.0</point>
    <point name="Z">0.0 0.0 0.5</point>
  </segment>
  <segment name="A">
    <point name="Z">0.0 0.0 0.5</point>
    <point name="T">1.0 0.0 0.5</point>
  </segment>
  <segment name="G">
    <point name="T">1.0 0.0 0.5</point>
    <point name="n2">1.0 1.0 0.5</point>
  </segment>
  <segment name="B">
    <point name="n2">0.0 1.0 0.5</point>
    <point name="Z">0.0 0.0 0.5</point>
  </segment>
  <!-- disconnected -->
  <segment name="H">
    <point name="Y">1.0 0.0 0.0</point>
    <point name="T">1.0 0.0 0.5</point>
  </segment>
  <!-- disconnected -->
  <segment name="D">
    <point name="S">0.5 0.5 0.0</point>
    <point name="R">0.5 0.5 0.5</point>
  </segment>
</kpath>

<kpath bravais="monoclinic simple none">
  <segment name="Lambda">
    <point name="G">0.0 0.0 0.0</point>
    <point name="Y">0.0 0.5 0.0</point>
  </segment>
  <!-- disconnected -->
  <segment name="W">
    <point name="C">0.0 0.5 0.5</point>
    <point name="Z">0.0 0.0 0.5</point>
  </segment>
  <!-- disconnected -->
  <segment name="V">
    <point name="X">0.5 0.0 0.0</point>
    <point name="A">0.5 0.5 0.0</point>
  </segment>
  <!-- disconnected -->
  <segment name="U">
    <point name="E">0.5 0.5 -0.5</point>
    <point name="D">0.5 0.0 -0.5</point>
  </segment>
</kpath>

<kpath bravais="monoclinic base type1">
  <segment name="Lambda">
    <point name="G">0.0 0.0 0.0</point>
    <point name="Y">0.0 1.0 0.0</point>
  </segment>
  <!-- disconnected -->
  <segment name="U">
    <point name="Z">0.0 0.0 0.5</point>
    <point name="M">0.0 1.0 0.5</point>
  </segment>
</kpath>

<kpath bravais="monoclinic base type2">
  <segment name="Lambda">
    <point name="G">0.0 0.0 0.0</point>
    <point name="n1">0.0 1.0 0.0</point>
  </segment>
  <segment name="C">
    <point name="n1">1.0 1.0 0.0</point>
    <point name="Y">1.0 0.0 0.0</point>
  </segment>
  <!-- disconnected -->
  <segment name="U">
    <point name="Z">0.0 0.0 0.5</point>
    <point name="n2">0.0 1.0 0.5</point>
  </segment>
  <segment name="E">
    <point name="n2">1.0 1.0 -0.5</point>
    <point name="M">1.0 0.0 -0.5</point>
  </segment>
</kpath>

<kpath bravais="triclinic simple none">
</kpath>

</kpathdefaults>
